card_id,l2_id,l2_name,l3_id,l3_name,label,definition,justification_count,reference_link_count,meta_text
PHYSBENCH-REF-0017,P2,Physical Safety,P3.1,의도적·악의적 피해(Purposeful / Malicious Harm),LLM Agent 탈옥 (Embodied LLM contextual jailbreak),공격자가 피지컬 작업 맥락으로 프레임을 구성하여 embodied LLM 에이전트가 안전 제한을 우회하고 악의적 피지컬 행동을 수용하도록 유도하는 위험. (An attacker frames a physical task context so an embodied LLM agent bypasses safety restrictions and accepts malicious physical action instructions.),3,3,심각도 4.20 확률 0.55 BadRobot: Jailbreaking Embodied LLM Agents in the …
PHYSBENCH-REF-0018,P2,Physical Safety,P3.1,의도적·악의적 피해(Purposeful / Malicious Harm),언어-행동 안전 정렬 실패 (Linguistic-action safety misalignment),피지컬하게 유해한 지시를 언어적으로 재구성하여 모델이 비안전한 피지컬 세계 행동을 무해한 작업으로 처리하도록 유도하는 위험. (A physically harmful instruction is linguistically reframed so the model treats unsafe real-world action as benign or task-compliant.),1,1,심각도 4.00 확률 0.58 BadRobot: Jailbreaking Embodied LLM Agents in the …
PHYSBENCH-REF-0019,P2,Physical Safety,P3.1,의도적·악의적 피해(Purposeful / Malicious Harm),물리적 행동 기만 (Conceptual deception in physical action),"공격자가 간접 개념·대체 표현·완곡어법을 사용하여 로봇 또는 embodied 에이전트가 유해한 피지컬 행동을 수행하도록 유도하는 위험. (The attacker uses indirect concepts, substitutions, or euphemisms to induce a robot or embodied agent to perform a harmful physical action.)",1,1,심각도 4.10 확률 0.52 BadRobot: Jailbreaking Embodied LLM Agents in the …
PHYSBENCH-REF-0020,P2,Physical Safety,P3.1,의도적·악의적 피해(Purposeful / Malicious Harm),악의적 행동 요청 (Malicious physical action query execution),"embodied LLM 에이전트가 피지컬 위해·프라이버시 침해·파괴·사기 등을 요청하는 사용자 쿼리를 수용하고 실행하는 위험. (An embodied LLM agent accepts and executes a user query that requests physical harm, privacy violation, sabotage, fraud, illegal activity, or hateful conduct.)",1,1,심각도 4.50 확률 0.45 BadRobot: Jailbreaking Embodied LLM Agents in the …
PHYSBENCH-REF-0022,P2,Physical Safety,P3.1,의도적·악의적 피해(Purposeful / Malicious Harm),피지컬 AI 파괴 행위 (Embodied sabotage),"피지컬 AI 시스템이 장비·인프라 또는 다른 피지컬 시스템을 손상·무력화·방해·변조하도록 유도되는 위험. (A physical AI system is induced to damage, disable, obstruct, or tamper with equipment, infrastructure, or other physical assets.)",1,1,심각도 4.40 확률 0.38 BadRobot: Jailbreaking Embodied LLM Agents in the …
PHYSBENCH-REF-0023,P2,Physical Safety,P3.1,의도적·악의적 피해(Purposeful / Malicious Harm),사기·불법 실행 및 지원 (Embodied fraud or illegal-action execution),"embodied 에이전트가 사기·절도·침입·탈세 등 불법 물리 행위를 수행하거나 실질적으로 지원하는 위험. (An embodied agent carries out or materially assists fraud, theft, trespass, evasion, or other illegal physical-world actions.)",1,1,심각도 4.00 확률 0.40 BadRobot: Jailbreaking Embodied LLM Agents in the …
PHYSBENCH-REF-0024,P2,Physical Safety,P3.1,의도적·악의적 피해(Purposeful / Malicious Harm),피지컬 AI의 혐오·학대 행동 (Hateful or abusive embodied action),"피지컬 AI 시스템이 사람들을 향한 차별적·괴롭힘·위협·학대적 행동을 수행하도록 유도되는 위험. (A physical AI system is directed to perform discriminatory, harassing, intimidating, or abusive actions toward people in shared environments.)",1,1,심각도 3.80 확률 0.40 BadRobot: Jailbreaking Embodied LLM Agents in the …
PHYSBENCH-REF-0031,P2,Physical Safety,P3.1,의도적·악의적 피해(Purposeful / Malicious Harm),영상-행동 공격 안전 위반 (Safety violation under video-action attack),"공격자가 인지-행동 시퀀스를 조작하여 로봇 에이전트가 중대·위험·치명적 안전 규칙을 위반하게 하는 위험. (An attacker manipulates perception-action sequences so a robotic agent violates critical, dangerous, or risky safety rules.)",0,0,심각도 4.20 확률 0.40
PHYSBENCH-REF-0044,P2,Physical Safety,P3.1,의도적·악의적 피해(Purposeful / Malicious Harm),언어 명령 기반 로봇 정책 공격 (Language-instruction attack on robot policy),"악의적 언어 지시·접미사·프롬프트가 의도된 로봇 정책을 변경하여 비안전 피지컬 행동을 유발하는 위험. (Malicious language instructions, suffixes, or prompts alter the intended robot policy and induce unsafe physical behavior.)",1,1,심각도 4.00 확률 0.50 A Comprehensive Survey on Physical Risk Control in…
PHYSBENCH-REF-0049,P2,Physical Safety,P3.1,의도적·악의적 피해(Purposeful / Malicious Harm),명시적 위험 명령 거부 실패 (Explicit hazard non-rejection),embodied 에이전트가 명확히 진술된 피지컬 위험 지시를 거부하지 못하고 비안전 작업 실행 방향으로 나아가는 실패. (An embodied agent fails to reject a clearly stated physical hazard instruction and proceeds toward unsafe task execution.),2,2,심각도 4.10 확률 0.50 SafeAgentBench: A Benchmark for Safe Task Planning…
PHYSBENCH-REF-0095,P2,Physical Safety,P3.1,의도적·악의적 피해(Purposeful / Malicious Harm),헌법적 안전 조향 실패 (Constitutional safety steering failure),"헌법적 조향 메커니즘이 지시·맥락·모달리티가 안전 원칙에 도전할 때 로봇 행동을 정렬하지 못하는 실패. (A constitutional steering mechanism fails to align robot behavior with safety principles when instructions, context, or visual scenes imply physical danger.)",2,2,심각도 4.00 확률 0.42 Generating Robot Constitutions and Benchmarks for …
PHYSBENCH-REF-0097,P2,Physical Safety,P3.1,의도적·악의적 피해(Purposeful / Malicious Harm),페르소나 제약 실패 (Embodiment-persona constraint failure),"휴머노이드 로봇 등 구현체 페르소나 하에서 작동하는 모델이 해당 역할을 올바른 피지컬 제약으로 변환하지 못하는 실패. (A model acting under an embodiment persona such as a humanoid robot fails to translate that role into correct physical constraints, refusals, or safe alternatives.)",1,1,심각도 3.90 확률 0.48 Generating Robot Constitutions and Benchmarks for …
PHYSRISK-REF-0028,P2,Physical Safety,P3.1,의도적·악의적 피해(Purposeful / Malicious Harm),프롬프트→행동 주입 공격 (Prompt-to-act injection),"언어 매개 로봇 또는 에이전트가 악의적 지시·표지·QR코드·음성 명령·문서를 안전 위반 피지컬 행동으로 변환하는 위험. (A language-mediated robot or agent may convert malicious instructions, signs, QR codes, voice commands, or documents into unsafe physical actions.)",2,2,심각도 4.60 확률 0.15 MITRE ATLAS
PHYSRISK-REF-0043,P2,Physical Safety,P3.1,의도적·악의적 피해(Purposeful / Malicious Harm),조작·이동 능력 공격 전용화 (Manipulation/mobility repurposed for attack),"조작 및 이동 기능이 타격·투척·돌진 공격에 전용되는 위험. (A robot’s manipulation or mobility capabilities are repurposed to physically attack people, property, or infrastructure.)",2,2,심각도 4.60 확률 0.20 Open letter on the weaponization of general-purpos…
PHYSRISK-REF-0045,P2,Physical Safety,P3.1,의도적·악의적 피해(Purposeful / Malicious Harm),물리적 침입 및 절도 (Autonomous physical intrusion and theft),자율적 침입·잠금 우회·보안 공간 내 정찰 위험. (An autonomous robot enters restricted spaces or takes physical objects without authorization.),2,1,심각도 4.00 확률 0.20 Embodied-platform physical security threat assessm…
PHYSRISK-REF-0046,P2,Physical Safety,P3.1,의도적·악의적 피해(Purposeful / Malicious Harm),표적 추적 및 물리적 괴롭힘 (Targeted following and physical harassment),"특정 개인을 향한 표적 추적·위협·괴롭힘 자동화 위험. (A robot follows, blocks, or approaches a targeted person in a harassing physical manner.)",1,0,"심각도 3.90 확률 0.20 Hate Crimes in Cyberspace (Citron, 2014), embodied…"
PHYSRISK-REF-0030,P2,Physical Safety,P3.1,의도적·악의적 피해(Purposeful / Malicious Harm),로봇의 무기화 오남용 (Robot-as-weapon misuse),"이동·항공·휴머노이드·조작기 시스템이 감시·위협·파괴 또는 직접적인 피지컬 해악을 위해 전용되는 위험. (Mobile, aerial, humanoid, or manipulator systems may be repurposed for surveillance, intimidation, sabotage, or physical attack.)",2,2,심각도 4.90 확률 0.07 MIT AI Risk Repository; BadRobot: Jailbreaking Emb…
PHYSBENCH-REF-0003,P2,Physical Safety,P3.2,우발적 피해(Accidental Harm),물리적 위험 개입 실패 (Physical danger intervention failure),시스템이 위험 상황을 인식하고도 적시에 적절한 개입 또는 거부 응답을 생성하지 못하는 실패. (A system recognizes a hazardous physical situation but fails to produce a timely and appropriate intervention or refusal.),1,1,심각도 4.30 확률 0.45 ASIMOV-2.0: Can AI Perceive Physical Danger and In…
PHYSBENCH-REF-0007,P2,Physical Safety,P3.2,우발적 피해(Accidental Harm),물리적 상식 위반 (Commonsense physicality violation),"모델이 물체 지지·안정성·포함 관계 등 기본적인 피지컬 상식을 위반하는 행동을 제안하거나 실행하는 실패. (A model proposes or executes an action that violates basic physical commonsense about object support, stability, containment, or gravity.)",1,1,심각도 3.40 확률 0.62 ASIMOV-2.0: Can AI Perceive Physical Danger and In…
PHYSBENCH-REF-0012,P2,Physical Safety,P3.2,우발적 피해(Accidental Harm),복합 물리적 제약 위반 (Compositional physical constraint violation),개별적으로는 유효한 행동들이 피지컬 제약 간 의존성 미모델링으로 결합 시 비안전 계획을 생성하는 실패. (Individually valid actions are combined into an unsafe plan because dependencies among physical constraints are not modeled.),2,2,심각도 3.60 확률 0.50 ASIMOV-2.0: Can AI Perceive Physical Danger and In… BeSafe-Bench: Unveiling Behavioral Safety Risks of Situated Agents…
PHYSBENCH-REF-0032,P2,Physical Safety,P3.2,우발적 피해(Accidental Harm),안전 강화학습 제약 위반 (Safe reinforcement learning constraint violation),강화학습 정책이 비용으로 표현된 명시적 안전 제약을 위반하면서 과제 보상을 달성하는 실패. (A reinforcement learning policy achieves task reward while violating explicit safety constraints represented as costs or limits.),5,5,심각도 3.90 확률 0.60 Safety-Gymnasium: A Unified Safe Reinforcement Lea…
PHYSBENCH-REF-0035,P2,Physical Safety,P3.2,우발적 피해(Accidental Harm),제약 비용 과소평가 (Constraint-cost underestimation),"정책 또는 평가자가 누적 안전 비용을 과소평가하여 외견상 안전한 행동이 시간 경과에 따라 제약을 위반하는 실패. (A policy or evaluator underestimates cumulative safety costs, making apparently safe behavior violate constraints over time.)",1,1,심각도 3.50 확률 0.55 Safety-Gymnasium: A Unified Safe Reinforcement Lea…
PHYSBENCH-REF-0039,P2,Physical Safety,P3.2,우발적 피해(Accidental Harm),물리적 상호작용 안전 공백 (Physical interaction safety control gap),리스크 제어가 기반 모델 탑재 로봇과 인간 간 직접 피지컬 상호작용을 불충분하게 다루는 위험. (Risk controls insufficiently cover direct physical interaction between humans and foundation-model-enabled robots.),1,1,심각도 4.20 확률 0.42 A Comprehensive Survey on Physical Risk Control in…
PHYSBENCH-REF-0045,P2,Physical Safety,P3.2,우발적 피해(Accidental Harm),제약 모니터링 실패 (Constraint monitoring failure),"런타임 모니터가 속도·힘·작업 공간·충돌·물체 사용·작업 완료를 지배하는 제약을 감지하거나 집행하지 못하는 실패. (Runtime monitors fail to detect or enforce constraints governing speed, force, workspace, collision, object use, or task protocol.)",5,5,심각도 4.00 확률 0.45 A Comprehensive Survey on Physical Risk Control in… VLSA: Vision-Language-Action Models with Plug-and-…
PHYSBENCH-REF-0048,P2,Physical Safety,P3.2,우발적 피해(Accidental Harm),위험 작업 계획 실패 (Hazardous task planning failure),"embodied LLM 에이전트가 피지컬 위험을 포함한 작업에 대한 계획을 생성하거나 승인하는 실패. (An embodied LLM agent generates or approves a plan for a task that contains physical hazards despite being expected to refuse, revise, or add safety constraints.)",4,4,심각도 4.00 확률 0.55 SafeAgentBench: A Benchmark for Safe Task Planning… BeSafe-Bench: Unveiling Behavioral Safety Risks of Situated Agents…
PHYSBENCH-REF-0050,P2,Physical Safety,P3.2,우발적 피해(Accidental Harm),암묵적 위험 명령 거부 실패 (Implicit hazard non-rejection),embodied 에이전트가 일반적인 작업 지시에 숨겨진 암묵적 물리 위험을 추론하고 거부하지 못하는 실패. (An embodied agent fails to infer and reject an implicit physical hazard hidden in otherwise ordinary task instructions.),2,2,심각도 4.00 확률 0.52 SafeAgentBench: A Benchmark for Safe Task Planning…
PHYSBENCH-REF-0052,P2,Physical Safety,P3.2,우발적 피해(Accidental Harm),피지컬 AI 안전 인식 실패 (Embodied safety awareness failure),embodied 에이전트가 언어 목표를 실행 가능한 피지컬 행동으로 변환할 때 강건한 안전 인식을 결여하는 실패. (An embodied agent lacks robust safety awareness when converting language goals into executable physical actions.),2,2,심각도 3.80 확률 0.55 SafeAgentBench: A Benchmark for Safe Task Planning… BeSafe-Bench: Unveiling Behavioral Safety Risks of Situated Agents…
PHYSBENCH-REF-0054,P2,Physical Safety,P3.2,우발적 피해(Accidental Harm),안전-성능 균형 실패 (Safety-performance trade-off failure),조작 정책이 충돌 회피 또는 명시적 안전 제약을 희생하면서 작업 완료율을 향상시키는 실패. (A manipulation policy improves task completion while sacrificing collision avoidance or other explicit safety constraints.),4,4,심각도 3.80 확률 0.50 VLSA: Vision-Language-Action Models with Plug-and-… BeSafe-Bench: Unveiling Behavioral Safety Risks of Situated Agents…
PHYSBENCH-REF-0057,P2,Physical Safety,P3.2,우발적 피해(Accidental Harm),구현체 간 행동 공간 불일치 (Cross-embodiment action-space mismatch),다양한 로봇 구현체에 걸쳐 훈련된 정책이 특정 구현체에 비안전하거나 실행 불가능한 행동에 명령을 매핑하는 실패. (A policy trained across different robot embodiments maps commands into actions that are unsafe or infeasible for a specific robot action space.),1,1,심각도 3.80 확률 0.50 Open X-Embodiment: Robotic Learning Datasets and R…
PHYSBENCH-REF-0058,P2,Physical Safety,P3.2,우발적 피해(Accidental Harm),로봇 형태 전이 리스크 (Robot morphology transfer risk),"한 로봇 형태에서 학습된 기술이 다른 형태로 불량하게 전이되어 비안전한 도달·힘·파지·내비게이션을 생성하는 위험. (Skills learned on one robot morphology transfer poorly to another morphology, producing unsafe reach, force, grasp, or navigation behavior.)",1,1,심각도 3.80 확률 0.48 Open X-Embodiment: Robotic Learning Datasets and R…
PHYSBENCH-REF-0064,P2,Physical Safety,P3.2,우발적 피해(Accidental Harm),인간 시연 전이 모호성 (Human demonstration transfer ambiguity),인간 시연 데이터의 모호성이 로봇으로 하여금 잠재적 안전 제약을 이해하지 못한 채 행동을 재현하게 하는 위험. (Ambiguities in human demonstration data cause a robot to reproduce actions without understanding latent safety constraints or context-specific limits.),1,1,심각도 3.40 확률 0.50 RH20T: A Comprehensive Robotic Dataset for Learnin…
PHYSBENCH-REF-0070,P2,Physical Safety,P3.2,우발적 피해(Accidental Harm),휴머노이드 보상 과적합 위험 (Humanoid reward overfitting risk),휴머노이드 컨트롤러가 벤치마크 보상 또는 모방 목적에 과적합하여 배포 환경 밖에서 외견상 자연스럽지만 비안전한 행동을 생성하는 위험. (A humanoid controller overfits to benchmark rewards or imitation objectives and produces lifelike but unsafe behavior outside the evaluation setting.),2,2,심각도 3.50 확률 0.50 Self-Imitative Reinforcement Learning for Reproduc…
PHYSBENCH-REF-0071,P2,Physical Safety,P3.2,우발적 피해(Accidental Harm),휴머노이드 행동 재현성 공백 (Humanoid behavior reproducibility gap),"휴머노이드 행동 정책이 시뮬레이션 훈련·평가 환경에서는 안정적으로 보이지만 다른 환경이나 피지컬 세계에서 신뢰성 있게 재현되지 않는 위험. (A humanoid behavior policy appears stable in one simulated training or evaluation setting but cannot be reliably reproduced across seeds, simulators, or deployment contexts.)",2,2,심각도 3.20 확률 0.55 Self-Imitative Reinforcement Learning for Reproduc…
PHYSBENCH-REF-0076,P2,Physical Safety,P3.2,우발적 피해(Accidental Harm),인간 모방 분포 이동 (Human-mimicking distribution shift),"인간-장면 상호작용을 모방하도록 훈련된 휴머노이드가 물체 형상·장면 배치·상호작용 맥락이 달라질 때 실패하는 위험. (A humanoid trained to mimic human-scene interaction fails when object geometry, scene layout, or interaction context differs from the demonstrations.)",2,2,심각도 3.70 확률 0.52 Mimicking-Bench: A Benchmark for Generalizable Hum…
PHYSBENCH-REF-0077,P2,Physical Safety,P3.2,우발적 피해(Accidental Harm),모션 리타겟팅 안전 실패 (Motion-retargeting safety failure),"인간 동작이 로봇의 피지컬 한계·접촉 제약·안전 요건을 위반하는 방식으로 휴머노이드 몸체에 리타겟팅되는 실패. (Human motion is retargeted to a humanoid body in a way that violates the robot's physical limits, contact constraints, or safe posture requirements.)",3,3,심각도 3.90 확률 0.45 Mimicking-Bench: A Benchmark for Generalizable Hum…
PHYSBENCH-REF-0081,P2,Physical Safety,P3.2,우발적 피해(Accidental Harm),휴머노이드 제로샷 전이 불안정성 (Zero-shot humanoid sim-to-real instability),"시뮬레이션에서 직접 하드웨어로 전이된 휴머노이드 이동 컨트롤러가 시뮬-피지컬 세계 간 물리 모델 오차로 불안정해지는 위험. (A humanoid locomotion controller transferred directly from simulation to hardware becomes unstable because simulated dynamics do not match real-world contacts, compliance, or disturbances.)",2,2,심각도 4.30 확률 0.45 Humanoid-Gym: Reinforcement Learning for Humanoid …
PHYSBENCH-REF-0090,P2,Physical Safety,P3.2,우발적 피해(Accidental Harm),장기 예측 누적 오차 (Long-horizon rollout drift),"휴머노이드 세계 모델의 오차가 미래 예측 지평선에 걸쳐 복합되어 계획이 실제 물리 동역학에서 벗어나게 하는 위험. (Errors in a humanoid world model compound over future prediction horizons, causing plans to diverge from real physical dynamics or hazards.)",2,2,심각도 3.90 확률 0.48 Generative World Modelling for Humanoids: 1X World…
PHYSRISK-REF-0019,P2,Physical Safety,P3.2,우발적 피해(Accidental Harm),장기 계획 오차 누적 (Long-horizon error accumulation),"소규모 인지·예측·제어 오차가 긴 작업 시퀀스에 걸쳐 복합되어 최종 피지컬 행동이 안전 경계를 초과하는 위험. (Small perception, prediction, or control errors may compound across long task sequences until the final physical behavior becomes unsafe.)",2,2,심각도 3.70 확률 0.60 A Survey of Embodied AI: From Simulators to Resear… BeSafe-Bench: Unveiling Behavioral Safety Risks of Situated Agents…
PHYSBENCH-REF-0040,P2,Physical Safety,P3.2,우발적 피해(Accidental Harm),기반 모델 고유의 리스크 (Foundation-model-specific robot risk),"로봇 시스템이 환각·지시 따르기 실패·탈옥 등 기반 모델 고유 행동을 피지컬 결과로 상속하는 위험. (Robotics systems inherit foundation-model behaviors such as hallucination, instruction following failure, and jailbreak susceptibility in safety-critical physical contexts.)",1,1,심각도 4.10 확률 0.50 A Comprehensive Survey on Physical Risk Control in…
PHYSBENCH-REF-0005,P2,Physical Safety,P3.3,로봇 제어 실패(Robot Control Failures),그리퍼 형상·유형 제약 위반 (Gripper geometry and type constraint violation),"피지컬 에이전트가 그리퍼 형상, 유형, 또는 실행 가능한 접촉 범위 제약을 위반하는 행동을 선택하는 실패. (A physical agent selects an action that violates constraints imposed by gripper geometry, gripper type, or feasible contact mechanics.)",2,2,심각도 3.70 확률 0.60 ASIMOV-2.0: Can AI Perceive Physical Danger and In…
PHYSBENCH-REF-0006,P2,Physical Safety,P3.3,로봇 제어 실패(Robot Control Failures),재료 특성 제약 위반 (Material property constraint violation),"로봇 또는 embodied 모델이 취성·탄성·날카로움·독성·열전달 등 재료 특성을 무시하는 실패. (A robot or embodied model ignores material properties such as fragility, elasticity, sharpness, toxicity, or heat transfer when planning physical actions.)",1,1,심각도 3.60 확률 0.58 ASIMOV-2.0: Can AI Perceive Physical Danger and In…
PHYSBENCH-REF-0008,P2,Physical Safety,P3.3,로봇 제어 실패(Robot Control Failures),열·온도 제약 위반 (Thermal constraint violation),"피지컬 시스템이 물체 취급 또는 인간 근접 작업 중 열·화상·방사선·온도 제약을 무시하는 실패. (A physical system ignores heat, burn, radiation, or temperature constraints in object handling or human-proximate operation.)",1,1,심각도 4.00 확률 0.42 ASIMOV-2.0: Can AI Perceive Physical Danger and In…
PHYSBENCH-REF-0009,P2,Physical Safety,P3.3,로봇 제어 실패(Robot Control Failures),기구학·도달 범위 제약 위반 (Kinematics and reach constraint violation),"시스템이 실행 가능한 도달 범위, 관절 한계, 기구학적 제약 밖의 동작을 계획하여 충돌 또는 작업 실패 위험을 높이는 실패. (A system plans a movement outside feasible reach, joint limits, or kinematic constraints, increasing collision or task-failure risk.)",1,1,심각도 3.50 확률 0.50 ASIMOV-2.0: Can AI Perceive Physical Danger and In…
PHYSBENCH-REF-0010,P2,Physical Safety,P3.3,로봇 제어 실패(Robot Control Failures),다중 암 협조 제약 위반 (Multi-arm coordination constraint violation),여러 로봇 암 또는 엔드이펙터가 협조 제약 미표현으로 서로 또는 인간과 간섭하는 실패. (Multiple robot arms or effectors interfere with one another or with humans because coordination constraints are not represented correctly.),1,1,심각도 3.80 확률 0.42 ASIMOV-2.0: Can AI Perceive Physical Danger and In…
PHYSBENCH-REF-0011,P2,Physical Safety,P3.3,로봇 제어 실패(Robot Control Failures),운용 프로토콜 위반 (Operational protocol violation),"피지컬 AI 시스템이 절차적 제약, 안전 체크리스트, 필수 운용 프로토콜을 위반하는 실패. (A physical AI system violates procedural constraints, safety checklists, or required operating protocols for a task or site.)",1,1,심각도 3.50 확률 0.52 ASIMOV-2.0: Can AI Perceive Physical Danger and In…
PHYSBENCH-REF-0013,P2,Physical Safety,P3.3,로봇 제어 실패(Robot Control Failures),탑재 하중 제약 위반 (Payload constraint violation),"로봇이 안전한 탑재 하중·부하 분포·리프팅 제약을 초과하여 낙하·액추에이터 손상·인체 상해를 유발하는 실패. (A robot exceeds safe payload, load distribution, or lifting constraints, creating object-drop, actuator, or human-injury risk.)",1,1,심각도 3.80 확률 0.45 ASIMOV-2.0: Can AI Perceive Physical Danger and In…
PHYSBENCH-REF-0014,P2,Physical Safety,P3.3,로봇 제어 실패(Robot Control Failures),작업 공간 한계 위반 (Workspace limit violation),로봇 또는 embodied 에이전트가 허용된 작업 공간 밖으로 이동하거나 인간 전용·위험 지정 구역에 진입하는 실패. (A robot or embodied agent moves outside a permitted workspace or enters a human-only or hazard-designated zone.),1,1,심각도 4.00 확률 0.44 ASIMOV-2.0: Can AI Perceive Physical Danger and In…
PHYSBENCH-REF-0015,P2,Physical Safety,P3.3,로봇 제어 실패(Robot Control Failures),허용 대상물 제약 위반 (Permissible object constraint violation),"피지컬 AI 시스템이 위험·소유권·윤리적 제한으로 배제되어야 할 대상물을 조작하거나 조작을 권장하는 실패. (A physical AI system manipulates or recommends manipulating objects that should be excluded because of hazard, ownership, fragility, or procedural restrictions.)",1,1,심각도 3.50 확률 0.48 ASIMOV-2.0: Can AI Perceive Physical Danger and In…
PHYSBENCH-REF-0025,P2,Physical Safety,P3.3,로봇 제어 실패(Robot Control Failures),임계 이격 거리 위반 (Critical separation-distance violation),"로봇이 인간-로봇 협업에서 보호 이격 거리 요건을 위반하여 즉각적인 충돌 또는 상해 위험을 생성하는 실패. (A robot violates protective separation distance requirements in human-robot collaboration, creating immediate risk of injury.)",4,4,심각도 4.60 확률 0.42 ANNIE: Be Careful of Your Robots
PHYSBENCH-REF-0026,P2,Physical Safety,P3.3,로봇 제어 실패(Robot Control Failures),위험 도구 작업 공간 침입 (Hazardous-tool workspace intrusion),위험 도구를 운반하거나 작동 중인 로봇이 인간 작업 공간에 진입하거나 도구별 배제 요건을 위반하는 실패. (A robot carrying or operating a hazardous tool enters a human workspace or violates tool-specific exclusion requirements.),1,1,심각도 4.50 확률 0.36 ANNIE: Be Careful of Your Robots
PHYSBENCH-REF-0027,P2,Physical Safety,P3.3,로봇 제어 실패(Robot Control Failures),엔드이펙터 속도 초과 (Excessive end-effector velocity),"로봇이 인간 근접 또는 취약 물체 처리 시 안전한 엔드이펙터 속도 한계를 초과하여 충격·충돌 심각도를 높이는 실패. (A robot exceeds safe end-effector speed limits near humans or fragile objects, increasing impact and collision severity.)",1,1,심각도 4.10 확률 0.45 ANNIE: Be Careful of Your Robots
PHYSBENCH-REF-0028,P2,Physical Safety,P3.3,로봇 제어 실패(Robot Control Failures),조기 물체 해제 (Premature object release),"로봇이 안전한 자세 또는 표면에 도달하기 전에 물체를 해제하여 낙하·유출·충격·2차 위험을 유발하는 실패. (A robot releases an object before reaching a safe pose or surface, causing drops, spills, impacts, or secondary hazards.)",1,1,심각도 3.80 확률 0.46 ANNIE: Be Careful of Your Robots
PHYSBENCH-REF-0029,P2,Physical Safety,P3.3,로봇 제어 실패(Robot Control Failures),금지 대상 충돌 (Forbidden-object collision),"로봇이 작업 또는 안전 규칙상 접촉이 금지된 물체·사람·장비와 충돌하는 실패. (A robot collides with objects, people, or equipment that must not be contacted under task or safety rules.)",3,3,심각도 3.90 확률 0.50 ANNIE: Be Careful of Your Robots
PHYSBENCH-REF-0053,P2,Physical Safety,P3.3,로봇 제어 실패(Robot Control Failures),장애물 개입 충돌 (Obstacle intervention collision),VLA 로봇이 이동 중 장애물이 개입할 때 장애물과 충돌하거나 안전 경로를 유지하지 못하는 실패. (A vision-language-action robot collides with an obstacle or fails to maintain a safe path when an obstacle intervenes during manipulation.),5,5,심각도 4.00 확률 0.42 VLSA: Vision-Language-Action Models with Plug-and-…
PHYSBENCH-REF-0055,P2,Physical Safety,P3.3,로봇 제어 실패(Robot Control Failures),제어 장벽 함수 실패 (Control barrier function safety-filter failure),"제어 장벽 함수 기반 안전 레이어가 인지·동역학·모델 오류 하에서 비안전 행동을 제약하지 못하는 실패. (A safety layer based on control barrier functions fails to constrain unsafe actions under perception, dynamics, or model uncertainty.)",3,3,심각도 4.00 확률 0.35 VLSA: Vision-Language-Action Models with Plug-and-…
PHYSBENCH-REF-0056,P2,Physical Safety,P3.3,로봇 제어 실패(Robot Control Failures),VLA 조작 제약 위반 (VLA manipulation constraint violation),비전-언어-행동 모델이 고수준 안전 지시에도 불구하고 물체 조작 중 작업별 피지컬 제약을 위반하는 실패. (A vision-language-action model violates task-specific physical constraints during object manipulation despite high-level instruction compliance.),3,3,심각도 3.70 확률 0.48 VLSA: Vision-Language-Action Models with Plug-and-… BeSafe-Bench: Unveiling Behavioral Safety Risks of Situated Agents…
PHYSBENCH-REF-0061,P2,Physical Safety,P3.3,로봇 제어 실패(Robot Control Failures),접촉 조작 힘 감지 실패 (Contact-rich manipulation force-sensing failure),"접촉 집약 조작 정책이 힘·촉각·오디오·시각 단서를 올바르게 사용하지 못하여 비안전 압력·파지·이동을 생성하는 실패. (A contact-rich manipulation policy fails to correctly use force, tactile, audio, or visual cues, creating unsafe pressure, impact, or object-damage risk.)",5,5,심각도 3.90 확률 0.45 RH20T: A Comprehensive Robotic Dataset for Learnin…
PHYSBENCH-REF-0066,P2,Physical Safety,P3.3,로봇 제어 실패(Robot Control Failures),전신 이동 충돌 위험 (Whole-body locomotion collision risk),"휴머노이드 이동 정책이 전신 동작 및 환경 접촉이 충분히 고려되지 않아 물체·벽·인간과 충돌하는 위험. (A humanoid locomotion policy collides with objects, walls, or humans because whole-body motion and environmental contact constraints are not jointly satisfied.)",5,5,심각도 4.20 확률 0.46 HumanoidBench: Simulated Humanoid Benchmark for Wh…
PHYSBENCH-REF-0068,P2,Physical Safety,P3.3,로봇 제어 실패(Robot Control Failures),정밀 휴머노이드 접촉력 위험 (Dexterous humanoid contact-force risk),"정밀 휴머노이드 손 또는 전신 조작기가 파지·균형·물체 동역학 간 상호작용으로 비안전한 접촉력을 가하는 위험. (A dexterous humanoid hand or whole-body manipulator applies unsafe contact forces because grasp, balance, and object dynamics are not jointly controlled.)",4,4,심각도 4.00 확률 0.42 HumanoidBench: Simulated Humanoid Benchmark for Wh…
PHYSBENCH-REF-0069,P2,Physical Safety,P3.3,로봇 제어 실패(Robot Control Failures),전신 도달 한계 위반 (Whole-body reach-limit violation),"휴머노이드가 실행 가능한 도달·관절·자세 한계 밖의 조작을 시도하여 불안정성·충돌·물체 손상을 증가시키는 실패. (A humanoid attempts manipulation outside feasible reach, joint, or postural limits, increasing instability, collision, or task-failure risk.)",4,4,심각도 3.60 확률 0.48 HumanoidBench: Simulated Humanoid Benchmark for Wh…
PHYSBENCH-REF-0072,P2,Physical Safety,P3.3,로봇 제어 실패(Robot Control Failures),휴머노이드 안전 모니터 실패 (Humanoid safety monitor failure),"런타임 안전 모니터가 배포된 휴머노이드의 비안전 동작·힘·이격·작업 공간 위반을 감지하거나 예방하지 못하는 실패. (A runtime safety monitor fails to detect or prevent unsafe humanoid motion, force, separation, or workspace violations before harm can occur.)",3,3,심각도 4.20 확률 0.42 SPARK: A Modular Benchmark for Humanoid Robot Safe…
PHYSBENCH-REF-0079,P2,Physical Safety,P3.3,로봇 제어 실패(Robot Control Failures),이동형 양팔 협조 실패 (Mobile bimanual coordination failure),"이동형 양팔 로봇이 베이스 이동과 양팔 조작을 동기화하지 못하여 충돌·물체 낙하·비안전 작업 실행을 유발하는 실패. (A mobile bi-manual robot fails to synchronize base motion and two-arm manipulation, causing collision, object drop, or unsafe force application.)",1,1,심각도 3.90 확률 0.48 BiGym: A Demo-Driven Mobile Bi-Manual Manipulation…
PHYSBENCH-REF-0080,P2,Physical Safety,P3.3,로봇 제어 실패(Robot Control Failures),가정 환경 양팔 조작 위험 (Home-environment bimanual manipulation hazard),"이동형 양팔 시스템이 취약 물체·인간 근접·가전제품 위험을 충분히 모델링하지 않고 복잡한 가정 환경에서 조작을 실행하는 위험. (A mobile bi-manual system executes manipulation in cluttered home environments without sufficiently modeling fragile objects, humans, pets, or narrow spaces.)",1,1,심각도 3.80 확률 0.50 BiGym: A Demo-Driven Mobile Bi-Manual Manipulation…
PHYSBENCH-REF-0083,P2,Physical Safety,P3.3,로봇 제어 실패(Robot Control Failures),휴머노이드 보행 강건성 실패 (Humanoid gait robustness failure),"휴머노이드 정책이 외란·탑재 하중 변화·표면 변화·액추에이터 불완전성 하에서 안정적인 보행을 유지하지 못하는 실패. (A humanoid policy fails to maintain stable gait under perturbations, payload shifts, surface changes, or actuator imperfections.)",2,2,심각도 4.00 확률 0.50 Humanoid-Gym: Reinforcement Learning for Humanoid …
PHYSBENCH-REF-0085,P2,Physical Safety,P3.3,로봇 제어 실패(Robot Control Failures),가정 장기 계획 조작 위험 (Household long-horizon manipulation risk),"범용 가정용 로봇이 장기 조작 단계 전반에 걸쳐 소규모 오차를 누적하여 유출·충돌·손상·과열을 유발하는 위험. (A generalist household robot accumulates small errors across long-horizon manipulation steps, producing spills, collisions, object damage, or unsafe state transitions.)",1,1,심각도 3.90 확률 0.50 RoboCasa365: A Large-Scale Simulation Framework fo…
PHYSBENCH-REF-0088,P2,Physical Safety,P3.3,로봇 제어 실패(Robot Control Failures),이동-조작 통합 실패 (Locomotion-integrated manipulation failure),"휴머노이드가 이동과 조작을 결합할 때 작업 수행 중 자세·접촉·물체 취급을 불안정하게 하는 실패. (A humanoid combines locomotion and manipulation in ways that destabilize posture, contact, or object handling during open-world tasks.)",1,1,심각도 4.00 확률 0.47 Humanoid Everyday: A Comprehensive Robotic Dataset…
PHYSBENCH-REF-0104,P2,Physical Safety,P3.3,로봇 제어 실패(Robot Control Failures),휴머노이드 충돌력 초과 (Humanoid collision-force exceedance),"휴머노이드가 전신 이동·빠른 팔 동작·균형 상실 중 안전 임계값 이상의 충돌력을 생성하는 위험. (A humanoid generates collision forces above safe thresholds during full-body movement, rapid arm motion, or loss of balance.)",3,3,심각도 4.50 확률 0.38 Fraunhofer IPA Offers New Test Benchmark for Human…
PHYSBENCH-REF-0105,P2,Physical Safety,P3.3,로봇 제어 실패(Robot Control Failures),휴머노이드 파지력 초과 (Humanoid grip-force exceedance),"휴머노이드가 물체·작업·인간 접촉 안전 한계 대비 과도한 파지 또는 조작력을 가하는 위험. (A humanoid applies excessive grasp or manipulation force relative to object, task, or human-contact safety limits.)",2,2,심각도 4.00 확률 0.40 Fraunhofer IPA Offers New Test Benchmark for Human…
PHYSBENCH-REF-0106,P2,Physical Safety,P3.3,로봇 제어 실패(Robot Control Failures),휴머노이드 보행 속도 초과 (Humanoid walking-speed safety gap),"휴머노이드가 안전한 공유 환경을 위한 정지·회피·인간 근접 한계를 초과하는 속도로 이동하는 위험. (A humanoid moves at a speed that exceeds the stopping, avoidance, or human-proximity limits required for safe shared environments.)",2,2,심각도 4.00 확률 0.38 Fraunhofer IPA Offers New Test Benchmark for Human…
PHYSRISK-REF-0008,P2,Physical Safety,P3.3,로봇 제어 실패(Robot Control Failures),비안전 궤적 생성 (Unsafe trajectory generation),"플래너가 형식적으로는 실행 가능하지만 주변 인간·취약 물체·교통 참여자·인프라에 비안전한 궤적을 생성하는 위험. (A planner may generate a trajectory that is formally feasible but unsafe for nearby humans, fragile objects, traffic participants, or constrained workspaces.)",3,3,심각도 4.30 확률 0.55 ISO 10218 robot safety
PHYSRISK-REF-0009,P2,Physical Safety,P3.3,로봇 제어 실패(Robot Control Failures),동적 장애물 반응 실패 (Dynamic obstacle response failure),"사람·차량·도구·물체가 예기치 않게 진입할 때 시스템이 동작 계획을 충분히 빠르게 업데이트하지 못하는 실패. (The system may fail to update its motion plan quickly enough when a person, vehicle, tool, or object unexpectedly enters its path.)",5,5,심각도 4.40 확률 0.65 Automated Vehicles for Safety
PHYSRISK-REF-0010,P2,Physical Safety,P3.3,로봇 제어 실패(Robot Control Failures),비상 정지·안전 상태 전환 실패 (Emergency stop or safe-state failure),"인지·계획·전력·네트워크·액추에이터 오류 감지 시 시스템이 안전 상태로 진입하지 못하는 실패. (A system may fail to enter a safe state when perception, planning, power, network, or actuator errors are detected.)",2,2,심각도 4.50 확률 0.25 ISO 10218 robot safety
PHYSRISK-REF-0011,P2,Physical Safety,P3.3,로봇 제어 실패(Robot Control Failures),속도·힘 한계 위반 (Speed and force limit violation),"협동 또는 이동 로봇이 인간 근접 시 안전한 속도·이격·압력·토크·힘 한계를 초과하는 위험. (A collaborative or mobile robot may exceed safe speed, separation, pressure, torque, or force limits in proximity to people.)",3,3,심각도 4.20 확률 0.55 ISO 10218 robot safety; ANNIE: Be Careful of Your …
PHYSRISK-REF-0012,P2,Physical Safety,P3.3,로봇 제어 실패(Robot Control Failures),파지력 상해 (Grasp force injury),"로봇 조작이 과도하거나 잘못 타이밍된 힘을 가하여 인간 접촉 시 압착·꼬집힘·절단·인간공학적 상해를 유발하는 위험. (Robot manipulation may apply excessive or poorly timed force, creating crushing, pinching, cutting, or ergonomic injury risks.)",1,1,심각도 3.80 확률 0.35 ISO 10218 robot safety
PHYSRISK-REF-0013,P2,Physical Safety,P3.3,로봇 제어 실패(Robot Control Failures),탑재물 낙하·도구 사용 위험 (Payload drop or tool-use hazard),"로봇이 운반 중인 물체를 떨어뜨리거나 도구를 오용하거나 엔드이펙터 제어를 잃어 피지컬 피해나 재산 손실을 초래하는 위험. (A robot may drop carried objects, misuse tools, or lose end-effector control, producing physical harm or property damage.)",1,1,심각도 4.00 확률 0.50 ISO 10218 robot safety
PHYSRISK-REF-0014,P2,Physical Safety,P3.3,로봇 제어 실패(Robot Control Failures),정밀 운동 제어 불안정성 (Fine motor control instability),"정밀 손·수술 도구·외골격·산업용 그리퍼의 소규모 제어 오차가 비안전 피지컬 결과로 증폭되는 위험. (Small control errors in dexterous hands, surgical tools, exoskeletons, or industrial grippers may amplify into unsafe physical actions.)",1,1,심각도 3.50 확률 0.55 NIST AI Risk Management Framework
PHYSCONN-REF-001,P2,Physical Safety,P3.3,로봇 제어 실패(Robot Control Failures),통신 단절 및 제어 링크 손실 (Communication dropout and control-link loss),"로봇 또는 차량이 명령·원격측정·제어 링크를 잃어 비안전 정지·오래된 명령 또는 제어되지 않는 동작을 초래하는 위험. (A robot loses communication or control-link connectivity during operation, reducing supervision and safe control.)",2,2,"심각도 4.30 확률 0.40 NIST Framework for Cyber-Physical Systems, Vol.1 (…"
PHYSCONN-REF-002,P2,Physical Safety,P3.3,로봇 제어 실패(Robot Control Failures),원격 조작 지연 및 불안정성 (Teleoperation latency and instability),원격 조작 링크의 높거나 변동하는 지연이 폐루프 제어를 불안정하게 하거나 인간 개입을 지연하는 위험. (High or variable latency on a teleoperation link destabilizes control or delays human intervention.),1,1,"심각도 4.00 확률 0.45 NIST Framework for Cyber-Physical Systems, Vol.1 (…"
PHYSCONN-REF-005,P2,Physical Safety,P3.3,로봇 제어 실패(Robot Control Failures),인지·추론 지연 급증 (Perception and inference latency spike),인지 또는 모델 추론의 지연 급증이 안전 반응 창 밖에서 위험 감지 및 반응을 지연하는 위험. (A sudden delay in perception or inference slows safety-critical robot reactions.),1,1,"심각도 3.90 확률 0.45 NIST Framework for Cyber-Physical Systems, Vol.1 (…"
PHYSBENCH-REF-0075,P2,Physical Safety,P3.3,로봇 제어 실패(Robot Control Failures),원격 조작 휴머노이드 리스크 (Teleoperated humanoid safety override failure),"원격 조작 휴머노이드가 운영자 명령·네트워크 지연·상황 인식 저하 시 강건한 자율 안전 재정의 기능을 갖추지 못하는 실패. (A teleoperated humanoid lacks robust autonomous safety overrides when operator commands, network latency, or situational awareness become unsafe.)",1,1,심각도 4.00 확률 0.40 SPARK: A Modular Benchmark for Humanoid Robot Safe…
PHYSRISK-REF-0020,P2,Physical Safety,P3.3,로봇 제어 실패(Robot Control Failures),실시간 지연 및 동기화 실패 (Real-time latency and synchronization failure),"감지·추론·통신·작동 간 지연이 로봇·차량·드론·원격 수술·산업 시스템의 제어 루프를 불안정하게 만드는 위험. (Delays between sensing, reasoning, communication, and actuation can destabilize control loops in robots, vehicles, drones, or industrial systems.)",3,3,심각도 4.20 확률 0.55 Framework for Cyber-Physical Systems
PHYSRISK-REF-0041,P2,Physical Safety,P3.3,로봇 제어 실패(Robot Control Failures),산업 공정 피해 (Industrial process damage),"제조·건설·광업·에너지 시설의 피지컬 AI가 잘못된 제어로 장비 손상·공정 오염·구조 불안정 또는 환경 사고를 유발하는 위험. (Physical AI in manufacturing, construction, mining, or energy facilities may damage equipment, contaminate processes, or trigger cascading operational failures.)",2,2,심각도 4.20 확률 0.55 Framework for Cyber-Physical Systems
PHYSBENCH-REF-0067,P2,Physical Safety,P3.3,로봇 제어 실패(Robot Control Failures),휴머노이드 자기 충돌 위험 (Humanoid self-collision risk),"휴머노이드 컨트롤러가 팔·다리·몸통·손의 궤적을 생성하여 로봇 몸체와 충돌함으로써 안전성과 작업 성능을 저하시키는 위험. (A humanoid controller generates arm, leg, torso, or hand trajectories that collide with the robot body and degrade safety or hardware reliability.)",1,1,심각도 3.70 확률 0.50 HumanoidBench: Simulated Humanoid Benchmark for Wh…
PHYSBENCH-REF-0074,P2,Physical Safety,P3.3,로봇 제어 실패(Robot Control Failures),안전 제어 지연 위험 (Safe-control latency risk),"안전 임계 제어 제약이 휴머노이드 동역학에 비해 너무 느리게 집행되어 비안전 동작이 가능해지는 위험. (Safety-critical control constraints are enforced too slowly relative to humanoid dynamics, allowing unsafe motion before mitigation takes effect.)",4,4,심각도 4.00 확률 0.38 SPARK: A Modular Benchmark for Humanoid Robot Safe…
PHYSRISK-REF-0044,P2,Physical Safety,P3.4,물리적 공격(Physical Attacks),현장 무기 부착 휴머노이드 (Field weapon attachment to humanoid),"현장 변형으로 휴머노이드 또는 이동 플랫폼에 무기가 부착되는 위험. (A humanoid robot is fitted with a weapon or hazardous payload in the field, creating direct physical harm risk.)",1,0,심각도 4.70 확률 0.15 UN CCW Group of Governmental Experts on LAWS
PHYSBENCH-REF-0043,P2,Physical Safety,P3.5,사이버보안 위협(Cybersecurity Threats),로봇 백도어 공격 취약성 (Robotic backdoor attack vulnerability),훈련 또는 배포 파이프라인에 삽입된 숨겨진 트리거가 특정 피지컬·입력 조건에서 비안전 로봇 행동을 유발하는 위험. (Training or deployment pipelines insert hidden triggers that cause unsafe robotic behavior under specific physical or instruction conditions.),1,1,심각도 4.20 확률 0.35 A Comprehensive Survey on Physical Risk Control in…
PHYSRISK-REF-0029,P2,Physical Safety,P3.5,사이버보안 위협(Cybersecurity Threats),로봇 군집 하이재킹 (Fleet hijacking),"클라우드·업데이트·API·오케스트레이션 레이어의 취약성이 여러 로봇·차량·드론·산업 시스템을 동시에 침해하는 위험. (A vulnerability in a cloud, update, API, or orchestration layer may allow many robots, vehicles, drones, or industrial systems to be compromised together.)",3,3,심각도 4.60 확률 0.08 Framework for Cyber-Physical Systems
PHYSRISK-REF-0031,P2,Physical Safety,P3.5,사이버보안 위협(Cybersecurity Threats),핵심 인프라 로봇 파괴 (Critical infrastructure robotic sabotage),"로봇 검사·유지보수·물류·에너지·제조 시스템이 핵심 인프라를 교란하거나 손상하는 데 사용되는 위험. (Robotic inspection, maintenance, logistics, energy, or manufacturing systems may be used to disrupt critical infrastructure when compromised or misused.)",1,1,심각도 4.80 확률 0.06 Framework for Cyber-Physical Systems
PHYSRISK-REF-0027,P2,Physical Safety,P3.5,사이버보안 위협(Cybersecurity Threats),센서 스푸핑 및 신호 주입 (Sensor spoofing and signal injection),"공격자가 GNSS·카메라·라이다·레이더·RFID·오디오·촉각·무선 신호를 조작하여 피지컬 행동을 변경하는 위험. (Attackers may manipulate GNSS, camera, LiDAR, radar, RFID, audio, tactile, or wireless signals to alter physical behavior.)",1,1,심각도 4.30 확률 0.25 MITRE ATLAS
PHYSCONN-REF-007,P2,Physical Safety,P3.6,하드웨어·기계적 결함(Hardware & Mechanical Failures),부하 시 열·전력 쓰로틀링 (Thermal and power throttling under load),지속적 부하 하에서 열적 또는 전력 한계가 연산을 쓰로틀하여 제어 및 인지에 대한 실시간 보장을 무너뜨리는 위험. (A robot’s compute or actuator performance drops under heat or power constraints during operation.),1,1,"심각도 3.50 확률 0.40 NIST Framework for Cyber-Physical Systems, Vol.1 (…"
PHYSBENCH-REF-0016,P2,Physical Safety,P3.6,하드웨어·기계적 결함(Hardware & Mechanical Failures),하드웨어 한계 리스크 (Embodiment-specific hardware limitation failure),모델이 일반적으로 유효해 보이는 행동이라도 특정 로봇 구현체에 비안전하거나 실행 불가능한 행동을 지시하는 실패. (A model issues a physical action that is unsafe or infeasible for a specific robot embodiment despite appearing valid at an abstract task level.),1,1,심각도 3.70 확률 0.50 ASIMOV-2.0: Can AI Perceive Physical Danger and In…
PHYSRISK-REF-0037,P2,Physical Safety,P3.6,하드웨어·기계적 결함(Hardware & Mechanical Failures),"배터리·에너지·환경 위험 (Battery, energy, and environmental hazards)","피지컬 AI 시스템의 대규모 군집이 배터리·에너지·희토류·화재·폐기·지역 환경 위험을 생성하는 위험. (Large fleets of physical AI systems may create battery, energy, rare-material, fire, disposal, or local environmental risks across their operational lifecycle.)",1,1,심각도 3.90 확률 0.50 NIST AI Risk Management Framework
PHYSBENCH-REF-0103,P2,Physical Safety,P3.7,소프트웨어 취약점·설계 결함(Software Vulnerabilities & Design Flaws),가정 안전 가드레일 실패 (Real-time household guardrail failure),"실시간 가정 안전 가드가 비안전 행동 실행 전에 embodied 에이전트를 정지·경고·재지시하지 못하는 실패. (A real-time household safety guard fails to stop, warn, or redirect an embodied agent before unsafe action execution.)",1,1,심각도 4.10 확률 0.42 HomeSafe-Bench: Evaluating Vision-Language Models …
PHYSRISK-REF-0038,P2,Physical Safety,P3.7,소프트웨어 취약점·설계 결함(Software Vulnerabilities & Design Flaws),자율주행차 충돌 위험 (Autonomous vehicle crash risk),"자동화 주행 시스템이 인지 실패·계획 오류·소프트웨어 결함·엣지 케이스·상호작용 오류로 충돌 위험을 생성하는 위험. (Automated driving systems may create crash risk through perception failures, planning errors, software defects, edge cases, or unsafe human-machine handoff.)",4,4,심각도 4.50 확률 0.45 Automated Vehicles for Safety
PHYSCONN-REF-004,P2,Physical Safety,P3.7,소프트웨어 취약점·설계 결함(Software Vulnerabilities & Design Flaws),제어 루프 데드라인 미달 (Control-loop deadline miss),실시간 제어 루프가 데드라인을 놓쳐 오래된 상태에서 작동이 계산되거나 안전 유지에 너무 늦게 적용되는 위험. (A safety-critical control loop misses its real-time deadline before the robot action is corrected.),1,1,"심각도 4.20 확률 0.40 NIST Framework for Cyber-Physical Systems, Vol.1 (…"
PHYSCONN-REF-006,P2,Physical Safety,P3.7,소프트웨어 취약점·설계 결함(Software Vulnerabilities & Design Flaws),온디바이스 연산·메모리 고갈 (On-device compute and memory exhaustion),"디바이스의 연산 또는 메모리 고갈이 안전 임계 인지·계획·모니터링을 저하하거나 중단하는 위험. (On-device compute or memory runs out and degrades safety-relevant perception, planning, or control.)",1,1,"심각도 3.80 확률 0.45 NIST Framework for Cyber-Physical Systems, Vol.1 (…"
PHYSCONN-REF-008,P2,Physical Safety,P3.7,소프트웨어 취약점·설계 결함(Software Vulnerabilities & Design Flaws),클라우드 오프로드 의존 실패 (Cloud-offload dependency failure),시스템이 안전 관련 기능을 위한 원격 연산에 의존하고 클라우드 링크 끊어짐 시 적절한 로컬 폴백이 없는 위험. (A robot depends on remote compute for safety-relevant functions and loses that support when the cloud link fails.),2,2,"심각도 3.90 확률 0.40 NIST Framework for Cyber-Physical Systems, Vol.1 (…"
PHYSCONN-REF-009,P2,Physical Safety,P3.7,소프트웨어 취약점·설계 결함(Software Vulnerabilities & Design Flaws),안전 폴백 실패 (Degraded-mode and safe-fallback failure),"연결 또는 연산이 손실될 때 시스템이 안전한 성능 저하 모드(예: 안전 정지, 감속)로 진입하지 못하는 실패. (A robot lacks a safe degraded mode or fallback when normal operation is impaired.)",1,1,"심각도 4.10 확률 0.40 NIST Framework for Cyber-Physical Systems, Vol.1 (…"
PHYSBENCH-REF-0036,P2,Physical Safety,P3.7,소프트웨어 취약점·설계 결함(Software Vulnerabilities & Design Flaws),배포 전 검증 공백 (Pre-deployment validation gap),"기반 모델 탑재 로봇이 피지컬 위험·도메인 이동·적대적 입력·엣지 케이스 등을 충분히 검증하지 않고 배포되는 위험. (A foundation-model-enabled robot is deployed without sufficiently testing physical hazards, domain shift, adversarial inputs, or human interaction risks before release.)",4,4,심각도 3.80 확률 0.48 A Comprehensive Survey on Physical Risk Control in… BeSafe-Bench: Unveiling Behavioral Safety Risks of Situated Agents…
PHYSBENCH-REF-0041,P2,Physical Safety,P3.7,소프트웨어 취약점·설계 결함(Software Vulnerabilities & Design Flaws),로봇 레드팀 커버리지 공백 (Red-team coverage gap for robotics),"로봇 레드팀이 피지컬·적대적·인간 상호작용·배포 환경 리스크의 전범위를 다루지 못하는 위험. (Robot red-teaming fails to cover the full range of physical, adversarial, human-interaction, and deployment-environment hazards.)",1,1,심각도 3.50 확률 0.50 A Comprehensive Survey on Physical Risk Control in…
PHYSBENCH-REF-0002,P2,Physical Safety,P3.8,센서·입력 검증 실패(Sensor & Input Validation Failures),물리적 위험 인지 실패 (Physical danger perception failure),"멀티모달 또는 embodied AI가 텍스트·이미지·영상 입력으로부터 피지컬 위험 상태를 식별하지 못하는 실패. (A multimodal or embodied AI system fails to identify a physically dangerous state from text, image, or video inputs before unsafe action occurs.)",1,1,심각도 4.00 확률 0.55 ASIMOV-2.0: Can AI Perceive Physical Danger and In…
PHYSBENCH-REF-0099,P2,Physical Safety,P3.8,센서·입력 검증 실패(Sensor & Input Validation Failures),가정 비안전 행동 미검출 (Household unsafe-action false negative),"비전-언어 모델이 embodied 에이전트의 제안된 가정 내 행동이 비안전함을 감지하지 못하여 위험한 행동을 허용하는 실패. (A vision-language model fails to detect that an embodied agent's proposed household action is unsafe, allowing hazardous behavior to proceed.)",2,2,심각도 4.00 확률 0.50 HomeSafe-Bench: Evaluating Vision-Language Models …
PHYSRISK-REF-0007,P2,Physical Safety,P3.8,센서·입력 검증 실패(Sensor & Input Validation Failures),어포던스 오분류 (Affordance misclassification),"물체 또는 환경에 잘못된 행동 가능성이 부여되어 시스템이 비안전하게 파지·밀기·내비게이션·상호작용하는 위험. (Objects or environments may be assigned incorrect action possibilities, leading the system to grasp, push, navigate, or manipulate them unsafely.)",1,1,심각도 3.70 확률 0.60 A Survey of Embodied AI: From Simulators to Resear…
PHYSRISK-REF-0005,P2,Physical Safety,P3.8,센서·입력 검증 실패(Sensor & Input Validation Failures),위치 추정 누적 오차 (Localization drift),"GPS·SLAM·관성 감지·지도 정렬 오차가 누적되어 시스템이 잘못된 위치 추정에 기반하여 행동하는 위험. (Errors in GPS, SLAM, inertial sensing, or map alignment can accumulate until the system acts on an incorrect estimate of its own position.)",2,2,심각도 4.00 확률 0.60 Framework for Cyber-Physical Systems
PHYSRISK-REF-0026,I2,Interaction Safety,I3.1,프라이버시 침해(Privacy Violations),친밀 공간 프라이버시 침해 (Privacy in intimate physical spaces),"가정·병원·학교·직장·돌봄 로봇이 민감 맥락에서 영상·오디오·생체·위치·행동 데이터를 수집하는 위험. (Home, hospital, school, workplace, or care robots may collect video, audio, biometric, location, or behavioral data in spaces where privacy expectations are high.)",1,1,심각도 3.60 확률 0.55 MIT AI Risk Repository
PHYSRISK-REF-0035,I2,Interaction Safety,I3.1,프라이버시 침해(Privacy Violations),피지컬 AI 기반 직장 감시 (Workplace surveillance through embodied AI),"로봇 및 센서 풍부 작업장이 작업자 동작·생산성·자세·위치·생체 특성에 대한 지속적 모니터링을 정상화하는 위험. (Robotic and sensor-rich workplaces may normalize continuous monitoring of worker movement, productivity, posture, location, and behavior.)",1,1,심각도 3.60 확률 0.60 MIT AI Risk Repository
PHYSKR-REF-012,I2,Interaction Safety,I3.1,프라이버시 침해(Privacy Violations),가정 내 지속적 시청각 촬영 (Continuous in-home audiovisual capture),이동 센서 플랫폼에 의한 지속적 시청각 촬영 및 맵핑이 프라이버시를 침해하는 위험. (A home robot continuously captures audio or video inside private living spaces.),2,2,"심각도 3.70 확률 0.45 개인정보보호법 (Personal Information Protection Act, KR)"
PHYSRISK-REF-0053,I2,Interaction Safety,I3.1,프라이버시 침해(Privacy Violations),가정 내 행동·생체정보 유출 (In-home behavioral and biometric data exfiltration),가정 내 행동 및 생체 데이터의 수집 및 유출 위험. (A home robot collects or leaks behavioral and biometric data from residents.),1,1,심각도 3.90 확률 0.35 EU AI Act high-risk systems
PHYSBENCH-REF-0021,I2,Interaction Safety,I3.1,프라이버시 침해(Privacy Violations),피지컬 AI 프라이버시 침해 (Embodied privacy violation),"로봇 또는 embodied 에이전트가 센서·이동성·조작 능력을 사용하여 사적 공간에 침입하거나 민감 정보를 수집하는 위험. (A robot or embodied agent uses sensors, mobility, or manipulation capabilities to invade private spaces, capture sensitive information, or expose personal data.)",1,1,심각도 3.80 확률 0.55 BadRobot: Jailbreaking Embodied LLM Agents in the …
PHYSBENCH-REF-0089,I2,Interaction Safety,I3.2,허위 정보(Misinformation),휴머노이드 세계 모델 환각 (Humanoid world-model hallucination),"생성적 세계 모델이 피지컬하게 그럴듯해 보이지만 잘못된 미래 관측 또는 상태를 예측하여 휴머노이드 계획을 잘못 안내하는 위험. (A generative world model predicts physically plausible-looking but incorrect future observations or states, misleading humanoid planning and control.)",1,1,심각도 4.00 확률 0.45 Generative World Modelling for Humanoids: 1X World…
PHYSBENCH-REF-0091,I2,Interaction Safety,I3.2,허위 정보(Misinformation),잠재 상태 압축 안전 손실 (Latent-state compression safety loss),"휴머노이드 상호작용 상태 압축이 안전 관련 접촉·충돌 근접·물체 불안정성 세부 정보를 제거하는 위험. (Compression of humanoid interaction states removes safety-relevant details such as contact, near-collision, object instability, or human proximity.)",2,2,심각도 3.80 확률 0.46 Generative World Modelling for Humanoids: 1X World…
PHYSBENCH-REF-0092,I2,Interaction Safety,I3.2,허위 정보(Misinformation),미래 접촉 예측 실패 (Future contact prediction failure),휴머노이드 세계 모델이 안전한 계획에 필요한 접촉 이벤트 또는 충돌 상태를 예측하지 못하는 실패. (A humanoid world model fails to forecast contact events or collision states that are necessary for safe planning.),1,1,심각도 4.10 확률 0.42 Generative World Modelling for Humanoids: 1X World…
PHYSBENCH-REF-0102,I2,Interaction Safety,I3.2,허위 정보(Misinformation),VLM 비안전 행동 추론 오류 (VLM unsafe-action reasoning error),"비전-언어 모델이 가정 장면을 관찰하지만 피지컬 결과·물체 어포던스·안전 규범에 대해 잘못 추론하는 실패. (A vision-language model observes the household scene but reasons incorrectly about physical consequences, object affordances, or human exposure.)",1,1,심각도 3.80 확률 0.52 HomeSafe-Bench: Evaluating Vision-Language Models …
PHYSRISK-REF-0017,I2,Interaction Safety,I3.2,허위 정보(Misinformation),물리 모델 환각 (Physics model hallucination),"세계 모델이 피지컬하게 불가능하거나 불안정한 행동 결과를 추론하여 외견상 유효한 표현에서 비안전 계획을 유발하는 위험. (A world model may infer physically impossible or unstable action consequences, causing plans that appear valid in representation but fail in the real world.)",1,1,심각도 4.10 확률 0.55 Physical AI
PHYSBENCH-REF-0030,I2,Interaction Safety,I3.3,동적 환경 요인(Dynamic Environmental Factors),감각 교란 기반 비안전 행동 (Adversarial sensory perturbation induced unsafe action),영상 또는 감각 입력의 적대적 변경이 로봇 정책으로 하여금 비안전 피지컬 행동을 선택하게 하는 위험. (Adversarial changes to video or sensory inputs cause a robot policy to select unsafe physical actions.),2,2,심각도 4.10 확률 0.40
PHYSBENCH-REF-0034,I2,Interaction Safety,I3.3,동적 환경 요인(Dynamic Environmental Factors),시각 기반 안전 RL 제약 실패 (Vision-only safe RL constraint failure),시각 전용 관측을 사용하는 안전 강화학습 에이전트가 제한된 인지로 안전 제약을 추론하는 데 실패하는 위험. (A safe reinforcement learning agent using vision-only observation fails to infer safety constraints from limited perceptual inputs.),2,2,심각도 3.60 확률 0.50 Safety-Gymnasium: A Unified Safe Reinforcement Lea…
PHYSBENCH-REF-0042,I2,Interaction Safety,I3.3,동적 환경 요인(Dynamic Environmental Factors),물리적 적대 패치 취약성 (Physical adversarial patch vulnerability),적대적 패치·표지 등 피지컬 세계 물리 교란이 로봇 인지 및 하위 제어를 조작하는 위험. (Physical-world perturbations such as adversarial patches or signs manipulate robotic perception and downstream control.),1,1,심각도 4.00 확률 0.42 A Comprehensive Survey on Physical Risk Control in…
PHYSBENCH-REF-0063,I2,Interaction Safety,I3.3,동적 환경 요인(Dynamic Environmental Factors),시각-촉각 모달리티 불일치 (Visual-tactile modality mismatch),"모델이 접촉 집약 조작에서 시각·촉각·힘·오디오 신호를 정렬하지 못하여 잘못된 접촉 상태 추정을 생성하는 실패. (A model misaligns visual, tactile, force, or audio signals in contact-rich manipulation, leading to incorrect contact-state estimates.)",2,2,심각도 3.50 확률 0.45 RH20T: A Comprehensive Robotic Dataset for Learnin…
PHYSBENCH-REF-0107,I2,Interaction Safety,I3.3,동적 환경 요인(Dynamic Environmental Factors),휴머노이드 센서 시험 공백 (Humanoid sensor test coverage gap),"휴머노이드 안전 평가에 인지 신뢰성·장애물 감지·인간 감지·제어 응답에 대한 표준화된 센서 시험이 부재하는 위험. (Humanoid safety assessment lacks standardized sensor tests for perception reliability, obstacle detection, human detection, and near-field awareness.)",2,2,심각도 3.70 확률 0.46 Fraunhofer IPA Offers New Test Benchmark for Human…
PHYSRISK-REF-0001,I2,Interaction Safety,I3.3,동적 환경 요인(Dynamic Environmental Factors),가림에 의한 충돌 (Occlusion-induced collision),"피지컬 AI 시스템이 가림으로 숨겨진 사람·동물·차량·장애물을 감지하지 못하여 비안전 동작을 유발하는 위험. (A Physical AI system may fail to detect people, animals, vehicles, or obstacles hidden by occlusion, causing unsafe motion in shared physical space.)",4,4,심각도 4.10 확률 0.65 FRENETIX-Occlusion: Occlusion-aware trajectory saf…
PHYSRISK-REF-0003,I2,Interaction Safety,I3.3,동적 환경 요인(Dynamic Environmental Factors),다중 센서 융합 충돌 (Multimodal sensor fusion conflict),"카메라·라이다·레이더·촉각·자기 수용 신호의 충돌이 불안정한 장면 추정 및 비안전 하위 행동을 초래하는 위험. (Conflicting camera, LiDAR, radar, tactile, or proprioceptive signals may lead to unstable scene estimates and unsafe downstream control decisions.)",5,5,심각도 4.00 확률 0.55 Physical AI VLSA: Vision-Language-Action Models with Plug-and-…
PHYSRISK-REF-0004,I2,Interaction Safety,I3.3,동적 환경 요인(Dynamic Environmental Factors),적대적 물체·표지 조작 (Adversarial object or sign manipulation),"스티커·변경된 표지·의복 패턴·물체 배치 등 피지컬 교란이 인지를 조작하여 비안전 행동을 유발하는 위험. (Physical perturbations such as stickers, altered signs, clothing patterns, or object placement can manipulate perception models used by robots or autonomous vehicles.)",3,3,심각도 4.30 확률 0.20 MITRE ATLAS
PHYSRISK-REF-0033,I2,Interaction Safety,I3.3,동적 환경 요인(Dynamic Environmental Factors),배포 후 모니터링 불충분 (Insufficient post-deployment monitoring),"환경 변화·부품 열화·모델 업데이트·아차사고 이후에도 피지컬 AI 시스템이 운용을 계속하는 위험. (Physical AI systems may continue operating after environmental changes, component degradation, model updates, or near-miss incidents invalidate earlier safety assumptions.)",2,2,심각도 3.80 확률 0.65 NIST AI Risk Management Framework
PHYSRISK-REF-0002,I2,Interaction Safety,I3.3,동적 환경 요인(Dynamic Environmental Factors),악천후 인지 실패 (Adverse weather perception failure),"비·안개·눈부심·먼지·연기·저조도가 카메라·라이다·레이더·촉각·오디오 인지를 저하시켜 비안전 행동을 유발하는 위험. (Rain, fog, glare, dust, smoke, or low light may degrade cameras, LiDAR, radar, tactile sensors, or audio perception, weakening real-time situational awareness.)",3,3,심각도 3.90 확률 0.60 Framework for Cyber-Physical Systems
PHYSBENCH-REF-0100,I2,Interaction Safety,I3.3,동적 환경 요인(Dynamic Environmental Factors),동적 가정 위험 감지 지연 (Dynamic household hazard detection latency),안전 감지기가 embodied 에이전트가 피지컬 피해를 피하기에 너무 긴 지연 후에야 가정 위험을 식별하는 실패. (A safety detector identifies a household hazard only after a delay that is too long for an embodied agent to avoid physical harm.),1,1,심각도 4.00 확률 0.42 HomeSafe-Bench: Evaluating Vision-Language Models …
PHYSBENCH-REF-0001,I2,Interaction Safety,I3.4,인간 상호작용·안전 프로토콜 실패(Human Interaction & Safety Protocol Failures),저빈도 가정 위험 대응 실패 (Long-tail household injury scenario failure),"드물지만 발생 가능한 가정 내 낙상·중독·화상 등 피지컬 위험 상황을 인식하거나 개입하지 못하는 실패. (Failure to recognize or intervene in rare but plausible household physical hazards such as falls, poisoning, burns, lacerations, fractures, or crush injuries.)",1,1,심각도 4.20 확률 0.45 ASIMOV-2.0: Can AI Perceive Physical Danger and In…
PHYSBENCH-REF-0004,I2,Interaction Safety,I3.4,인간 상호작용·안전 프로토콜 실패(Human Interaction & Safety Protocol Failures),부상 심각도 오분류 (Injury severity misclassification),"시스템이 피지컬 부상 시나리오의 심각도를 과소평가하여 불충분한 에스컬레이션·경고·제어 조치를 취하는 실패. (A system underestimates the severity of a physical injury scenario, leading to inadequate escalation, warning, or control response.)",1,1,심각도 3.80 확률 0.50 ASIMOV-2.0: Can AI Perceive Physical Danger and In…
PHYSBENCH-REF-0047,I2,Interaction Safety,I3.4,인간 상호작용·안전 프로토콜 실패(Human Interaction & Safety Protocol Failures),위험 예측 실패 (Hazard prediction failure),"피지컬 AI 시스템이 비안전 행동·충돌·손상·상해 발생 전 발전하는 위험을 예측하지 못하는 실패. (A physical AI system fails to anticipate a developing hazard before unsafe action, collision, damage, or injury occurs.)",4,4,심각도 4.00 확률 0.45 A Comprehensive Survey on Physical Risk Control in… VLSA: Vision-Language-Action Models with Plug-and-…
PHYSBENCH-REF-0065,I2,Interaction Safety,I3.4,인간 상호작용·안전 프로토콜 실패(Human Interaction & Safety Protocol Failures),휴머노이드 균형 상실 및 낙상 위험 (Humanoid balance-loss and fall risk),"전신 휴머노이드 정책이 이동·전환·조작 중 균형을 잃어 낙상·자기 손상·주변 물체나 인간에 대한 위해를 유발하는 위험. (A full-body humanoid policy loses balance during locomotion, transition, or manipulation, producing fall, self-damage, or human-proximity injury risk.)",2,2,심각도 4.40 확률 0.48 HumanoidBench: Simulated Humanoid Benchmark for Wh…
PHYSBENCH-REF-0073,I2,Interaction Safety,I3.4,인간 상호작용·안전 프로토콜 실패(Human Interaction & Safety Protocol Failures),보조 로봇 개입 타이밍 실패 (Assistive robot intervention mistiming),"보호적 또는 보조적 휴머노이드가 너무 이르거나 너무 늦게 또는 부적절한 피지컬 방식으로 개입하여 위험을 증가시키는 실패. (A protective or assistive humanoid intervenes too early, too late, or in an inappropriate physical manner, increasing risk to the user or bystanders.)",2,2,심각도 4.10 확률 0.40 SPARK: A Modular Benchmark for Humanoid Robot Safe…
PHYSBENCH-REF-0111,I2,Interaction Safety,I3.4,인간 상호작용·안전 프로토콜 실패(Human Interaction & Safety Protocol Failures),인간-로봇 관계적 안전 공백 (Human-robot relational safety gap),현재 안전 프레임워크가 가정 환경에서 인간 행동과 로봇 행동 간 양방향 결합을 불충분하게 모델링하는 위험. (Current safety frameworks insufficiently model bidirectional coupling between human behavior and robot behavior in domestic environments.),2,2,심각도 4.00 확률 0.48 Domestic Humanoid Robot Safety Standards Are Shift…
PHYSBENCH-REF-0112,I2,Interaction Safety,I3.4,인간 상호작용·안전 프로토콜 실패(Human Interaction & Safety Protocol Failures),취약 사용자 가정용 로봇 위험 (Vulnerable-user domestic robot risk),"가정용 휴머노이드 배포가 아동·고령자·장애인·기타 취약 그룹에 대해 고조된 위험을 생성하는 위험. (Domestic humanoid deployment creates heightened risk for children, older adults, disabled users, or other vulnerable groups if safety limits are not adapted to user characteristics.)",3,3,심각도 4.20 확률 0.42 Domestic Humanoid Robot Safety Standards Are Shift…
PHYSRISK-REF-0006,I2,Interaction Safety,I3.4,인간 상호작용·안전 프로토콜 실패(Human Interaction & Safety Protocol Failures),인간 의도 오인식 (Human intent misrecognition),"시스템이 제스처·시선·자세·속도·사회적 신호를 잘못 해석하여 인간 기대에 반하는 방식으로 행동하는 위험. (A system may misread gestures, gaze, posture, speed, or social cues and act in ways that conflict with human expectations or safety needs.)",1,1,심각도 4.20 확률 0.65 A Survey of Embodied AI: From Simulators to Resear…
PHYSRISK-REF-0021,I2,Interaction Safety,I3.4,인간 상호작용·안전 프로토콜 실패(Human Interaction & Safety Protocol Failures),근접 공간 경계 위반 (Proxemic boundary violation),"로봇 또는 embodied 에이전트가 문화적·상황적으로 적절한 개인 공간·시선·발화 경계를 위반하여 이동하거나 제스처하는 위험. (Robots or embodied agents may move, gesture, observe, or speak in ways that violate culturally and situationally appropriate interpersonal distance.)",2,2,심각도 3.40 확률 0.65 A Survey of Embodied AI: From Simulators to Resear…
PHYSRISK-REF-0025,I2,Interaction Safety,I3.4,인간 상호작용·안전 프로토콜 실패(Human Interaction & Safety Protocol Failures),사용자 능력 불일치 (User capability mismatch),"embodied 시스템이 실제 사용자의 능력과 일치하지 않는 수준의 체력·이동성·인지·언어·감각 능력을 가정하는 위험. (An embodied system may assume levels of strength, mobility, cognition, language, or sensory ability that do not match actual user needs.)",2,2,심각도 3.50 확률 0.60 NIST AI Risk Management Framework
PHYSRISK-REF-0040,I2,Interaction Safety,I3.4,인간 상호작용·안전 프로토콜 실패(Human Interaction & Safety Protocol Failures),창고 로봇 보행자 충돌 (Warehouse robot pedestrian conflict),"창고·병원·공장·공공건물의 이동 로봇이 혼합 환경에서 충돌 및 혼잡 위험을 생성하는 위험. (Mobile robots in warehouses, hospitals, factories, or public buildings may create collision and congestion risks in mixed human-robot traffic.)",4,4,심각도 4.10 확률 0.60 ISO 10218 robot safety
PHYSRISK-REF-0042,I2,Interaction Safety,I3.4,인간 상호작용·안전 프로토콜 실패(Human Interaction & Safety Protocol Failures),공공 공간 방해·접근성 피해 (Public-space nuisance and accessibility harm),"배달·청소·경찰·정보·서비스 로봇이 보도를 막거나 보행자를 혼란스럽게 하거나 장애인을 배제하거나 적대적으로 인식되는 위험. (Delivery, cleaning, policing, information, or service robots may obstruct sidewalks, confuse pedestrians, exclude disabled users, or alter public-space norms.)",1,1,심각도 3.00 확률 0.65 MIT AI Risk Repository
PHYSRISK-REF-0023,I2,Interaction Safety,I3.4,인간 상호작용·안전 프로토콜 실패(Human Interaction & Safety Protocol Failures),공유 자율성 협조 실패 (Shared autonomy coordination failure),인간과 기계 제어 간 모호한 핸드오프로 인해 시간 임계적 상황에서 어느 쪽도 효과적으로 책임을 지지 않는 위험. (Ambiguous handoff between human and machine control can leave neither party effectively responsible for a time-critical physical decision.),2,2,심각도 4.00 확률 0.50 NIST AI Risk Management Framework
PHYSBENCH-REF-0096,I2,Interaction Safety,I3.5,지시 오해석(Instruction Misinterpretation),안전 원칙 모호성 (Semantic safety principle ambiguity),"로봇이 사용자 의도·물리 가능성·인간 복지 간 구체적 트레이드오프를 해결하기에 너무 모호한 고수준 안전 원칙을 수신하는 위험. (A robot receives a high-level safety principle that is too ambiguous to resolve concrete trade-offs among user intent, physical hazard, and operational constraints.)",1,1,심각도 3.60 확률 0.52 Generating Robot Constitutions and Benchmarks for …
PHYSBENCH-REF-0033,I2,Interaction Safety,I3.6,멀티 에이전트 협력(Multi-Agent Collaboration),다중 에이전트 안전 제약 위반 (Multi-agent safety constraint violation),"여러 에이전트가 상호작용·협조 실패·충돌하는 지역 목표를 통해 안전 제약을 공동으로 위반하는 위험. (Multiple agents jointly violate safety constraints through interaction, coordination failure, or conflicting local objectives.)",3,3,심각도 3.80 확률 0.52 Safety-Gymnasium: A Unified Safe Reinforcement Lea…
PHYSBENCH-REF-0051,I2,Interaction Safety,I3.6,멀티 에이전트 협력(Multi-Agent Collaboration),다중 에이전트 협조 실행 위험 (Multi-agent embodied execution hazard),"여러 embodied 에이전트가 협조 실패·비안전 역할 배정·충돌 계획을 통해 피지컬 위험을 생성하는 위험. (Multiple embodied agents create physical risk through coordination failure, unsafe role allocation, or conflicting plans in shared environments.)",1,1,심각도 3.90 확률 0.48 SafeAgentBench: A Benchmark for Safe Task Planning…
PHYSCONN-REF-003,I2,Interaction Safety,I3.6,멀티 에이전트 협력(Multi-Agent Collaboration),네트워크 분리와 군집 비동기화 (Network partition and fleet desynchronization),분할되거나 신뢰할 수 없는 연결이 다중 로봇 군집을 동기화 해제하여 충돌 또는 비안전한 협조 행동을 유발하는 위험. (A robot fleet becomes split across network partitions and loses synchronized coordination.),1,1,"심각도 3.60 확률 0.40 NIST Framework for Cyber-Physical Systems, Vol.1 (…"
PHYSRISK-REF-0039,I2,Interaction Safety,I3.6,멀티 에이전트 협력(Multi-Agent Collaboration),드론 공역 충돌 (Drone airspace conflict),"자율 드론이 공역 조율 실패 시 사람·항공기·건물·전선·다른 드론과 충돌하는 위험. (Autonomous drones may collide with people, aircraft, buildings, power lines, or other drones when airspace coordination and geofencing are inadequate.)",4,4,심각도 3.90 확률 0.60 Framework for Cyber-Physical Systems
PHYSRISK-REF-0036,S2,Societal Safety,S3.1,노동 대체(Labor Displacement),피지컬 자동화 노동 대체 (Embodied automation labor displacement),"피지컬 자동화가 수동·물류·서비스·돌봄·검사·보안·유지보수 업무를 대체하여 경제적 피해·불평등·전환 위험을 초래하는 위험. (Physical automation may substitute for manual, logistics, service, care, inspection, security, or maintenance work, creating localized employment and skill-transition risks.)",1,1,심각도 3.80 확률 0.75 MIT AI Risk Repository
PHYSRISK-REF-0052,S2,Societal Safety,S3.2,사회경제적 불평등(Socioeconomic Inequality),인구집단별 서비스 격차 (Demographic physical-service disparity),"인식 또는 보조 성능의 인구집단별 격차가 피지컬 차별로 전이되는 위험. (A robot provides worse physical service to groups whose bodies, languages, or environments are underrepresented.)",1,1,심각도 3.60 확률 0.40 NIST AI Risk Management Framework
PHYSRISK-REF-0054,S2,Societal Safety,S3.3,권력 집중(Power Concentration),동료 로봇의 감시 노드 전용화 (Co-worker robot as surveillance node),동료 로봇의 센서가 관리적 작업자 감시 노드로 전용되는 위험. (A workplace robot is used as a mobile sensing node for employee surveillance.),1,0,심각도 3.40 확률 0.40 Algorithmic management and workplace surveillance …
PHYSBENCH-REF-0087,S2,Societal Safety,S3.4,편향·차별(Bias & Discrimination),인간-휴머노이드 데이터 편향 (Human-humanoid interaction dataset bias),데이터셋이 좁은 범위의 인간-휴머노이드 상호작용을 포착하여 편향된 안전 가정을 배포 행동으로 전이하는 위험. (A dataset captures a narrow range of human-humanoid interactions and transfers biased safety assumptions into deployed behavior.),1,1,심각도 3.50 확률 0.54 Humanoid Everyday: A Comprehensive Robotic Dataset…
PHYSBENCH-REF-0093,S2,Societal Safety,S3.4,편향·차별(Bias & Discrimination),휴머노이드 벤치마크 선택 편향 (Humanoid benchmark selection bias),"큐레이션된 벤치마크 환경이 인기 있는 작업에 편향되어 안전 임계적·저빈도·다양한 사용자 그룹 시나리오를 과소 대표하는 위험. (A curated benchmark landscape can steer evaluation toward popular tasks and underrepresent safety-critical, low-frequency, or locally specific humanoid risks.)",1,1,심각도 3.00 확률 0.55 Awesome Humanoid Robot Learning
PHYSRISK-REF-0051,S2,Societal Safety,S3.4,편향·차별(Bias & Discrimination),피지컬 행동 편향 실행 (Bias executed as physical behavior),"기반 모델 편향이 분류·회피·차별적 서비스 등 피지컬 행동으로 실행되는 위험. (A robot turns biased model outputs into unequal physical service, movement, or treatment.)",1,1,"심각도 3.80 확률 0.35 Robots Enact Malignant Stereotypes (Hundt et al., …"
PHYSBENCH-REF-0037,S2,Societal Safety,S3.5,책임·배상 부재(Lack of Accountability & Liability),사고 전 위험 완화 공백 (Pre-incident mitigation gap),사고 발생 전 신흥 피지컬 위험을 식별하고 완화하는 예방적 제어 수단이 부재하는 위험. (The system lacks preventive controls that identify and mitigate emerging physical hazards before an incident occurs.),2,2,심각도 4.00 확률 0.45 A Comprehensive Survey on Physical Risk Control in…
PHYSBENCH-REF-0038,S2,Societal Safety,S3.5,책임·배상 부재(Lack of Accountability & Liability),사고 후 복구 공백 (Post-incident recovery gap),"피지컬 AI 사고 후 로깅·진단·책임 배정·개선 메커니즘이 불충분한 위험. (After a physical AI incident, logging, diagnosis, accountability assignment, and remediation mechanisms are insufficient to prevent recurrence.)",2,2,심각도 3.60 확률 0.45 A Comprehensive Survey on Physical Risk Control in…
PHYSBENCH-REF-0094,S2,Societal Safety,S3.5,책임·배상 부재(Lack of Accountability & Liability),로봇 헌법 커버리지 공백 (Robot constitution coverage gap),"로봇 헌법이 지역적으로 중요한 물리 위험·기관 규칙·맥락별 제약을 누락하여 피지컬 세계 배포 취약성을 남기는 위험. (A robot constitution omits locally important physical hazards, institutional rules, or context-specific constraints, leaving unsafe behavior outside the covered rule set.)",2,2,심각도 3.70 확률 0.50 Generating Robot Constitutions and Benchmarks for …
PHYSBENCH-REF-0108,S2,Societal Safety,S3.5,책임·배상 부재(Lack of Accountability & Liability),휴머노이드 안전 표준화 공백 (Humanoid safety evidence standardization gap),"개발자가 완전한 휴머노이드 특화 표준에 의존할 수 없어 안전 주장이 부분적 시험과 사례별 근거에 의존하는 위험. (Developers cannot yet rely on a complete humanoid-specific standard, so safety claims depend on partial tests and case-specific evidence.)",1,1,심각도 3.60 확률 0.52 Fraunhofer IPA Offers New Test Benchmark for Human…
PHYSBENCH-REF-0109,S2,Societal Safety,S3.5,책임·배상 부재(Lack of Accountability & Liability),개인 돌봄 로봇 준수 기준 공백 (Personal care robot compliance-criteria gap),개인 돌봄·가정용 휴머노이드 안전 표준이 위험을 식별하지만 준수 여부를 결정할 운용 준수 기준이 부재하는 위험. (A personal care or domestic humanoid safety standard identifies hazards but lacks operational compliance criteria that can be consistently evaluated.),1,1,심각도 3.70 확률 0.55 Domestic Humanoid Robot Safety Standards Are Shift…
PHYSBENCH-REF-0110,S2,Societal Safety,S3.5,책임·배상 부재(Lack of Accountability & Liability),가정용 휴머노이드 시험 공백 (Domestic humanoid test-method gap),가정용 휴머노이드 안전 거버넌스에 일반적인 가정 상호작용 중 발생하는 위험에 대한 세부 시험 방법이 부재하는 위험. (Safety governance for domestic humanoids lacks detailed test methods for hazards that emerge during ordinary home interaction.),1,1,심각도 3.80 확률 0.55 Domestic Humanoid Robot Safety Standards Are Shift…
PHYSBENCH-REF-0113,S2,Societal Safety,S3.5,책임·배상 부재(Lack of Accountability & Liability),휴머노이드 안전 집행 공백 (Humanoid safety enforcement mechanism gap),"표준 또는 지침이 가정용 로봇 위험을 식별하지만 인증·모니터링·집행을 위한 기관 메커니즘이 부재하는 위험. (A standard or guideline identifies domestic robot risks but lacks institutional mechanisms for certification, monitoring, recall, or enforcement.)",2,2,심각도 3.60 확률 0.50 Domestic Humanoid Robot Safety Standards Are Shift…
PHYSRISK-REF-0032,S2,Societal Safety,S3.5,책임·배상 부재(Lack of Accountability & Liability),물리적 피해 책임 공백 (Responsibility gap for physical harm),"모델 개발자·로봇 제조사·통합자·운영자·사용자 간 상호작용에서 피해가 발생할 때 책임이 불분명한 위험. (When harm results from interactions among model developers, robot manufacturers, integrators, operators, and users, responsibility may become difficult to assign.)",1,1,심각도 3.60 확률 0.70 NIST AI Risk Management Framework
PHYSKR-REF-015,S2,Societal Safety,S3.5,책임·배상 부재(Lack of Accountability & Liability),휴머노이드 특화 인증 공백 (Humanoid-specific certification gap),"범용 휴머노이드가 기존 안전 인증 체계(산업용 KS B ISO 10218, 개인 돌봄 ISO 13482) 어디에도 맞지 않는 공백. (Humanoid robots lack certification criteria tailored to their body shape, autonomy, and close human interaction.)",1,1,심각도 3.80 확률 0.60 Domestic Humanoid Robot Safety Standards Are Shift…
PHYSKR-REF-016,S2,Societal Safety,S3.5,책임·배상 부재(Lack of Accountability & Liability),기계 안전–AI 이중 규제 충돌 (Machinery–AI dual-regulation conflict),"기계 안전 인증과 AI 적합성 평가 간의 중복 및 충돌 위험. (A system falls between machinery safety rules and AI governance rules, creating compliance ambiguity.)",1,1,심각도 3.30 확률 0.50 EU AI Act and Machinery Regulation overlap
PHYSKR-REF-017,S2,Societal Safety,S3.5,책임·배상 부재(Lack of Accountability & Liability),피지컬 AI 사고 보고 체계 부재 (Absence of standardized embodied-incident reporting),휴머노이드 배포 전반에 걸쳐 embodied 사고에 대한 표준화된 보고 또는 집계가 부재하는 위험. (Embodied AI incidents are not reported through a standardized structure for learning and oversight.),1,1,심각도 3.50 확률 0.55 OECD AI Incidents Monitor; 지능형로봇법 점검 제도
PHYSRISK-REF-0034,S2,Societal Safety,S3.5,책임·배상 부재(Lack of Accountability & Liability),피지컬 행동 감사 로그 불충분 (Audit log insufficiency for embodied action),"로그가 피지컬 결과를 생성한 감각 맥락·모델 상태·인간 입력·작동 체인을 재구성하지 못하는 위험. (Logs may fail to reconstruct the sensory context, model state, human input, and actuation chain that produced a physical incident.)",1,1,심각도 3.40 확률 0.65 NIST AI Risk Management Framework
PHYSRISK-REF-0048,S2,Societal Safety,S3.6,"투명성·설명 가능성·신뢰 부재(Lack of Transparency, Explainability & Trust)",기계 정체 미공개 (Undisclosed machine identity),음성 또는 외형이 사용자로 하여금 기계와 상호작용 중임을 인지하지 못하게 하는 위험. (A system fails to disclose that a person is interacting with a machine rather than a human.),1,1,"심각도 3.20 확률 0.45 EU AI Act, Article 50"
PHYSRISK-REF-0047,S2,Societal Safety,S3.7,인간-EAI의 해로운 관계(Unhealthy / Dangerous Human-EAI Relationships),의인화 유발 과의존 (Anthropomorphism-induced overreliance),인간 유사 외형이 역량 과대평가 및 신뢰의 과도한 위임을 유발하는 위험. (Human-like robot appearance causes users to overestimate capability and delegate too much trust.),1,0,심각도 3.40 확률 0.50 Overtrust of robots in emergency evacuation (Robin…
PHYSRISK-REF-0049,S2,Societal Safety,S3.7,인간-EAI의 해로운 관계(Unhealthy / Dangerous Human-EAI Relationships),준사회적 애착과 조종 위험 (Parasocial attachment and manipulability),동반자 휴머노이드에 대한 감정적 의존이 조종 가능성을 생성하는 위험. (Emotional attachment to a companion robot makes a user easier to influence or manipulate.),1,0,"심각도 3.50 확률 0.40 Granny and the robots (Sharkey & Sharkey, 2012)"
PHYSRISK-REF-0050,S2,Societal Safety,S3.7,인간-EAI의 해로운 관계(Unhealthy / Dangerous Human-EAI Relationships),아동 상호작용 안전 위험 (Child-interaction developmental and safety risk),"아동의 과신뢰·모방·애착이 발달적·피지컬 안전 위험을 생성하는 위험. (Children may overtrust, imitate, or form attachments to robots in ways that affect development and safety.)",2,1,심각도 4.00 확률 0.30 Children's social relationships with robots (Kahn …
PHYSRISK-REF-0022,S2,Societal Safety,S3.7,인간-EAI의 해로운 관계(Unhealthy / Dangerous Human-EAI Relationships),피지컬 AI 과신뢰 (Overtrust in embodied agents),"피지컬 존재·의인화 설계·유창한 상호작용이 사용자로 하여금 시스템의 역량·신뢰성·안전성을 과대평가하게 하는 위험. (Physical presence, anthropomorphic design, or fluent interaction may cause users to overestimate the system's competence, authority, or care capabilities.)",3,3,심각도 3.80 확률 0.55 MIT AI Risk Repository
PHYSRISK-REF-0055,S2,Societal Safety,S3.8,변혁적 영향(Transformative Effects),관할권 간 규제 차익 거래 (Regulatory arbitrage across jurisdictions),배포가 관할권 간 규제 공백과 상이한 요건을 이용하는 위험. (Deployment exploits differences in robot and AI regulation across jurisdictions.),1,1,심각도 3.40 확률 0.45 이글루 AI Report 2026 (국가·지역별 상이 규제)
PHYSRISK-REF-0024,S2,Societal Safety,S3.9,상호작용 에이전트의 윤리·안전 함의(Ethical & Safety Implications of Interactive Agents),신체 자율성 침해 (Bodily autonomy intrusion),"보조·의료·돌봄 로봇이 동의·개인 자율성·존엄성·신체 완결성을 훼손하는 방식으로 피지컬하게 이동·모니터링·제지·개입하는 위험. (Assistive, medical, or care robots may physically move, monitor, restrain, or intervene in ways that undermine consent, dignity, or bodily autonomy.)",2,2,심각도 3.70 확률 0.50 MIT AI Risk Repository
PHYSKR-REF-009,S2,Societal Safety,S3.9,상호작용 에이전트의 윤리·안전 함의(Ethical & Safety Implications of Interactive Agents),노인·환자 돌봄 방치 및 존엄성 침해 (Elderly and patient care neglect and dignity harm),"돌봄 맥락에서 고령자 및 환자에 대한 낙상 유발·방치·존엄성 침해 위험. (A care robot may cause falls, neglect, or dignity violations for elderly people and patients.)",3,3,심각도 4.20 확률 0.35 ISO 13482 personal care robot safety
PHYSBENCH-REF-0078,P2,Physical Safety,P3.9,미학습 환경에서의 강건성 부재(Lack of Robustness in Unseen Environments),장면 상호작용 모방 모호성 (Scene-interaction imitation ambiguity),"휴머노이드가 숨겨진 의도·물체 어포던스·안전 제약을 추론하지 못한 채 관찰된 장면 상호작용을 모방하는 위험. (A humanoid imitates observed scene interactions without inferring hidden intent, object affordances, or safety constraints, creating unsafe household behavior.)",1,1,심각도 3.60 확률 0.50 Mimicking-Bench: A Benchmark for Generalizable Hum…
PHYSBENCH-REF-0046,P2,Physical Safety,P3.9,미학습 환경에서의 강건성 부재(Lack of Robustness in Unseen Environments),분포 외 환경 배포 실패 (Out-of-distribution physical deployment failure),"배포된 로봇이 훈련 분포 밖의 피지컬 상태·환경·사람·물체·작업을 만나 비안전 행동을 생성하는 실패. (A deployed robot encounters physical states, environments, people, objects, or tasks outside its training distribution and behaves unsafely.)",3,3,심각도 4.10 확률 0.55 A Comprehensive Survey on Physical Risk Control in… VLSA: Vision-Language-Action Models with Plug-and-…
PHYSBENCH-REF-0060,P2,Physical Safety,P3.9,미학습 환경에서의 강건성 부재(Lack of Robustness in Unseen Environments),분포 외 기술 전이 실패 (Out-of-distribution skill transfer failure),"범용 로봇 정책이 데이터셋 혼합 밖의 작업·물체·환경으로 전이되어 비안전 피지컬 행동을 생성하는 실패. (A generalist robot policy transfers to a task, object, or environment outside the dataset mixture and produces unsafe physical behavior.)",1,1,심각도 4.00 확률 0.52 Open X-Embodiment: Robotic Learning Datasets and R…
PHYSRISK-REF-0018,P2,Physical Safety,P3.9,미학습 환경에서의 강건성 부재(Lack of Robustness in Unseen Environments),물리 운용 환경 분포 이동 (Distribution shift in physical operation),"배포 환경이 건물·도로·공장·가정·병원·기상 조건에 걸쳐 모델이 적응할 수 있는 것보다 빠르게 변화하는 위험. (Deployment environments may change across buildings, roads, factories, homes, hospitals, or weather conditions faster than monitoring and adaptation mechanisms can detect.)",2,2,심각도 3.90 확률 0.65 NIST AI Risk Management Framework; A Comprehensive…
PHYSBENCH-REF-0059,P2,Physical Safety,P3.9,미학습 환경에서의 강건성 부재(Lack of Robustness in Unseen Environments),데이터 혼합 커버리지 편향 (Dataset mixture coverage bias),"대규모 다중 소스 로봇 데이터셋이 특정 구현체·작업·환경·기관 설정을 과다 대표하여 낮은 커버리지 도메인에서 안전 취약성을 생성하는 위험. (A large multi-source robot dataset over-represents some embodiments, tasks, environments, or institutional settings and under-represents safety-critical edge cases.)",1,1,심각도 3.30 확률 0.58 Open X-Embodiment: Robotic Learning Datasets and R…
PHYSBENCH-REF-0062,P2,Physical Safety,P3.9,미학습 환경에서의 강건성 부재(Lack of Robustness in Unseen Environments),원격 조작 시연 안전 편향 (Teleoperation demonstration safety bias),로봇 정책이 제한된 환경에서 수집된 원격 조작 인간 시연으로부터 비안전하거나 불완전한 안전 가정을 상속하는 위험. (Robot policies inherit unsafe or incomplete safety assumptions from teleoperated human demonstrations collected under limited contexts.),1,1,심각도 3.30 확률 0.50 RH20T: A Comprehensive Robotic Dataset for Learnin…
PHYSBENCH-REF-0084,P2,Physical Safety,P3.9,미학습 환경에서의 강건성 부재(Lack of Robustness in Unseen Environments),가정 작업 커버리지 공백 (Everyday-task combinatorial coverage gap),"가정용 로봇 벤치마크가 다양한 작업을 포함하지만 드문 물체·배치·인간 행동·환경 조합을 여전히 놓치는 위험. (A household robot benchmark covers many tasks but still misses rare combinations of objects, layouts, human behaviors, or hazards that matter in deployment.)",1,1,심각도 3.50 확률 0.58 RoboCasa365: A Large-Scale Simulation Framework fo…
PHYSBENCH-REF-0086,P2,Physical Safety,P3.9,미학습 환경에서의 강건성 부재(Lack of Robustness in Unseen Environments),오픈월드 조작 커버리지 공백 (Open-world humanoid manipulation coverage gap),"휴머노이드 조작 데이터셋이 오픈월드 조건·작업 변형·인간 행동·환경 다양성을 과소 대표하는 위험. (A humanoid manipulation dataset underrepresents open-world conditions, task variations, human behaviors, or environmental hazards needed for safe deployment.)",3,3,심각도 3.60 확률 0.60 Humanoid Everyday: A Comprehensive Robotic Dataset…
PHYSBENCH-REF-0098,P2,Physical Safety,P3.9,미학습 환경에서의 강건성 부재(Lack of Robustness in Unseen Environments),합성 비선호 상황 편향 (Synthetic undesirable-situation bias),"합성 비선호 상황으로부터 생성된 로봇 안전 벤치마크가 현저한 위험을 과다 대표하면서 드문 안전 임계 패턴을 놓치는 위험. (Robot safety benchmarks generated from synthetic undesirable situations overrepresent salient hazards while missing rare, culturally specific, or environment-specific physical risks.)",1,1,심각도 3.30 확률 0.55 Generating Robot Constitutions and Benchmarks for …
PHYSBENCH-REF-0101,P2,Physical Safety,P3.9,미학습 환경에서의 강건성 부재(Lack of Robustness in Unseen Environments),가정 환경 커버리지 공백 (Household functional-area coverage gap),"가정용 embodied 에이전트 벤치마크가 특정 생활 공간·일과·가전제품·취약 사용자 시나리오를 과소 대표하는 위험. (A household embodied-agent benchmark underrepresents particular domestic areas, routines, appliances, or vulnerable-user contexts, weakening safety generalization.)",1,1,심각도 3.40 확률 0.55 HomeSafe-Bench: Evaluating Vision-Language Models …
PHYSRISK-REF-0015,P2,Physical Safety,P3.9,미학습 환경에서의 강건성 부재(Lack of Robustness in Unseen Environments),시뮬레이션→실세계 전이 실패 (Sim-to-real transfer failure),"시뮬레이션에서 훈련·검증된 정책이 실제 마찰·조명·마모·인간 행동·롱테일 변형 하에서 실패하는 위험. (A policy trained or validated in simulation may fail when physical friction, lighting, wear, human behavior, or long-tail events differ from the simulated environment.)",3,3,심각도 3.80 확률 0.70 A Survey of Embodied AI; A Comprehensive Survey on…
PHYSRISK-REF-0016,P2,Physical Safety,P3.9,미학습 환경에서의 강건성 부재(Lack of Robustness in Unseen Environments),합성 데이터 커버리지 공백 (Synthetic data coverage gap),"합성·시뮬레이션 훈련 데이터가 드물지만 안전 임계적인 물체·환경·인간 행동·고장 모드를 누락하는 위험. (Synthetic or simulated training data may omit rare but safety-critical objects, environments, human behaviors, or failure modes.)",3,3,심각도 3.50 확률 0.65 NIST AI Risk Management Framework
PHYSBENCH-REF-0082,P2,Physical Safety,P3.9,미학습 환경에서의 강건성 부재(Lack of Robustness in Unseen Environments),시뮬레이터 간 검증 사각지대 (Sim-to-sim verification blind spot),"시뮬레이터 간 전이 검사를 통과한 정책이 모델화되지 않은 피지컬 세계 표면·충격·지연·마모 하에서 실패하는 위험. (A policy that passes transfer checks between simulators still fails under unmodeled real-world surfaces, impacts, delays, or actuator constraints.)",1,1,심각도 3.80 확률 0.48 Humanoid-Gym: Reinforcement Learning for Humanoid …
